run_date,prediction_as_of,symbol,asset_name,category,category_kr,horizon_days,current_close,predicted_return_pct,predicted_price,up_probability,confidence,quality_pass,adjusted_return_pct,theme_multiplier,top_drivers
2026-03-27 00:00:00+00:00,2026-02-26 00:00:00+00:00,MP,MP 머티리얼즈(희토류),Rare_Earths,희토류,5,60.0,5.191393720777247,63.114836232466345,0.6678659611992948,0.096875,False,,1.006850164829676,"range_width_20d, oversold_rebound_score, ret_lag10, price_vs_ma60, vol_20d"
2026-03-27 00:00:00+00:00,2026-02-26 00:00:00+00:00,MP,MP 머티리얼즈(희토류),Rare_Earths,희토류,20,60.0,13.900417717218993,68.3402506303314,0.6899629629629631,0.13,False,1.168108210183984,1.006850164829676,"range_width_20d, oversold_rebound_score, ret_lag10, price_vs_ma60, vol_20d"
2026-03-27 00:00:00+00:00,2026-02-26 00:00:00+00:00,MP,MP 머티리얼즈(희토류),Rare_Earths,희토류,60,60.0,59.079679849487775,95.44780790969267,0.9464074074074074,0.0989830508474576,False,,1.006850164829676,"range_width_20d, oversold_rebound_score, ret_lag10, price_vs_ma60, vol_20d"
2026-03-27 00:00:00+00:00,2026-02-26 00:00:00+00:00,XLF,금융 ETF,Banks,은행,5,52.5,1.264132568661841,53.16366959854747,0.7663333333333334,0.3379897322370201,False,,1.005677772385268,"range_width_20d, ma20_vs_ma60, vol_20d, volatility_20d, volatility_10d"
2026-03-27 00:00:00+00:00,2026-02-26 00:00:00+00:00,XLF,금융 ETF,Banks,은행,20,52.5,4.174338729824434,54.691527833157835,0.8061111111111113,0.2421962426732812,False,1.0449468251469949,1.005677772385268,"range_width_20d, ma20_vs_ma60, vol_20d, volatility_20d, volatility_10d"
2026-03-27 00:00:00+00:00,2026-02-26 00:00:00+00:00,XLF,금융 ETF,Banks,은행,60,52.5,8.297407956143637,56.85613917697541,0.9043121693121692,0.1383050847457627,False,,1.005677772385268,"range_width_20d, ma20_vs_ma60, vol_20d, volatility_20d, volatility_10d"
2026-03-27 00:00:00+00:00,2026-02-26 00:00:00+00:00,JPM,JP모건,Banks,은행,5,306.1300048828125,0.9212370536948552,308.9501879202708,0.6064174015285128,0.2785999503047998,False,,1.005677772385268,"ma20_vs_ma60, ma5_vs_ma20, price_vs_ma60, volatility_10d, mom_20d"
2026-03-27 00:00:00+00:00,2026-02-26 00:00:00+00:00,JPM,JP모건,Banks,은행,20,306.1300048828125,4.175360197406027,318.9120352590066,0.8486082807698527,0.11693403043272,False,0.3081676361456804,1.005677772385268,"ma20_vs_ma60, ma5_vs_ma20, price_vs_ma60, volatility_10d, mom_20d"
2026-03-27 00:00:00+00:00,2026-02-26 00:00:00+00:00,JPM,JP모건,Banks,은행,60,306.1300048828125,13.361153678046222,347.0325052898155,1.0,0.1538983050847457,False,,1.005677772385268,"ma20_vs_ma60, ma5_vs_ma20, price_vs_ma60, volatility_10d, mom_20d"
2026-03-27 00:00:00+00:00,2026-02-26 00:00:00+00:00,JETS,항공 ETF,Airlines,항공,5,29.6299991607666,1.470755384352746,30.065783968807253,0.7067936507936506,0.250167737481512,False,,1.005677772385268,"rebound_from_60d_low, ma20_vs_ma60, vol_20d, volatility_20d, range_width_20d"
2026-03-27 00:00:00+00:00,2026-02-26 00:00:00+00:00,JETS,항공 ETF,Airlines,항공,20,29.6299991607666,4.285020782482238,30.89965078265476,0.7435185185185186,0.1125,False,0.3042945940459183,1.005677772385268,"rebound_from_60d_low, ma20_vs_ma60, vol_20d, volatility_20d, range_width_20d"
2026-03-27 00:00:00+00:00,2026-02-26 00:00:00+00:00,JETS,항공 ETF,Airlines,항공,60,29.6299991607666,11.440185036189153,33.01972589097959,0.8250317460317462,0.0854237288135593,False,,1.005677772385268,"rebound_from_60d_low, ma20_vs_ma60, vol_20d, volatility_20d, range_width_20d"
2026-03-27 00:00:00+00:00,2026-02-26 00:00:00+00:00,DAL,델타항공,Airlines,항공,5,70.51000213623047,1.6037709862539755,71.64082109289839,0.7347044917257682,0.1798368931071945,False,,1.005677772385268,"ma20_vs_ma60, rebound_from_60d_low, drawdown_60d, vol_20d, volatility_20d"
2026-03-27 00:00:00+00:00,2026-02-26 00:00:00+00:00,DAL,델타항공,Airlines,항공,20,70.51000213623047,4.261846219079649,73.5150299963464,0.7242116402116402,0.096875,False,0.2641178524714638,1.005677772385268,"ma20_vs_ma60, rebound_from_60d_low, drawdown_60d, vol_20d, volatility_20d"
2026-03-27 00:00:00+00:00,2026-02-26 00:00:00+00:00,DAL,델타항공,Airlines,항공,60,70.51000213623047,2.8576488097466037,72.52493037302875,0.7018888888888888,0.0772881355932203,False,,1.005677772385268,"ma20_vs_ma60, rebound_from_60d_low, drawdown_60d, vol_20d, volatility_20d"
2026-03-27 00:00:00+00:00,2026-02-26 00:00:00+00:00,HII,헌팅턴 잉걸스(조선),Shipbuilding,조선,5,441.6199951171875,1.3075226273834393,447.3942764803943,0.6149470899470901,0.2068403740946378,False,,1.0143133581433796,"ma20_vs_ma60, price_vs_ma60, rebound_from_60d_low, vol_20d, drawdown_60d"
2026-03-27 00:00:00+00:00,2026-02-26 00:00:00+00:00,HII,헌팅턴 잉걸스(조선),Shipbuilding,조선,20,441.6199951171875,4.255472741779662,460.4130136316481,0.5187407407407408,0.095,False,0.2456352003332155,1.0143133581433796,"ma20_vs_ma60, price_vs_ma60, rebound_from_60d_low, vol_20d, drawdown_60d"
2026-03-27 00:00:00+00:00,2026-02-26 00:00:00+00:00,HII,헌팅턴 잉걸스(조선),Shipbuilding,조선,60,441.6199951171875,16.7186266790429,515.4527934408376,0.9857407407407408,0.0623728813559322,False,,1.0143133581433796,"ma20_vs_ma60, price_vs_ma60, rebound_from_60d_low, vol_20d, drawdown_60d"
2026-03-27 00:00:00+00:00,2026-02-26 00:00:00+00:00,XLI,산업재 ETF,Industrials,제조/산업재,5,176.6999969482422,0.3725391474019249,177.3582736103324,0.6796666666666666,0.3170249196731429,False,,1.005677772385268,"vol_20d, ma20_vs_ma60, volatility_20d, range_width_20d, vol_lag10"
2026-03-27 00:00:00+00:00,2026-02-26 00:00:00+00:00,XLI,산업재 ETF,Industrials,제조/산업재,20,176.6999969482422,1.9028323860308751,180.0623017162889,0.7211269841269842,0.2080340675172418,False,0.3971183149666465,1.005677772385268,"vol_20d, ma20_vs_ma60, volatility_20d, range_width_20d, vol_lag10"
2026-03-27 00:00:00+00:00,2026-02-26 00:00:00+00:00,XLI,산업재 ETF,Industrials,제조/산업재,60,176.6999969482422,2.410484088317028,180.95932225873625,0.7140767195767197,0.0942372881355932,False,,1.005677772385268,"vol_20d, ma20_vs_ma60, volatility_20d, range_width_20d, vol_lag10"
2026-03-27 00:00:00+00:00,2026-02-26 00:00:00+00:00,BTU,피바디 에너지(석탄),Coal,석탄,5,32.290000915527344,3.3790562550429613,33.3810982112169,0.823814814814815,0.09625,False,,1.0096640419790868,"ma20_vs_ma60, rebound_from_60d_low, price_vs_ma60, range_width_20d, volatility_20d"
2026-03-27 00:00:00+00:00,2026-02-26 00:00:00+00:00,BTU,피바디 에너지(석탄),Coal,석탄,20,32.290000915527344,2.288259963930797,33.02888007883025,0.7548624338624338,0.10375,False,0.163031802460458,1.0096640419790868,"ma20_vs_ma60, rebound_from_60d_low, price_vs_ma60, range_width_20d, volatility_20d"
2026-03-27 00:00:00+00:00,2026-02-26 00:00:00+00:00,BTU,피바디 에너지(석탄),Coal,석탄,60,32.290000915527344,12.037126015739636,36.17678901621285,0.7577830687830688,0.0440677966101694,False,,1.0096640419790868,"ma20_vs_ma60, rebound_from_60d_low, price_vs_ma60, range_width_20d, volatility_20d"
2026-03-27 00:00:00+00:00,2026-02-26 00:00:00+00:00,QQQ,미국 기술주 ETF(나스닥 100),Market_Benchmark,미국 대표지수,5,609.239990234375,0.7781248811059697,613.9806381840364,0.6862936507936507,0.304083801232042,False,,1.005677772385268,"ma20_vs_ma60, vol_20d, volatility_20d, rebound_from_60d_low, price_vs_ma60"
2026-03-27 00:00:00+00:00,2026-02-26 00:00:00+00:00,QQQ,미국 기술주 ETF(나스닥 100),Market_Benchmark,미국 대표지수,20,609.239990234375,1.8030714102020045,620.2250223178085,0.7231986531986532,0.1270683443538267,False,0.1419676705401904,1.005677772385268,"ma20_vs_ma60, vol_20d, volatility_20d, rebound_from_60d_low, price_vs_ma60"
2026-03-27 00:00:00+00:00,2026-02-26 00:00:00+00:00,QQQ,미국 기술주 ETF(나스닥 100),Market_Benchmark,미국 대표지수,60,609.239990234375,4.52283101990609,636.7948854983682,0.6913703703703704,0.1349152542372881,False,,1.005677772385268,"ma20_vs_ma60, vol_20d, volatility_20d, rebound_from_60d_low, price_vs_ma60"
2026-03-27 00:00:00+00:00,2026-02-26 00:00:00+00:00,NEM,뉴몬트(금광),Gold_Miners,금 관련주,5,127.2125473022461,0.354347638618931,127.66332195963858,0.5414814814814815,0.1624277210250367,False,,1.0099955652643238,"volatility_20d, vol_20d, ma20_vs_ma60, vol_lag10, range_width_20d"
2026-03-27 00:00:00+00:00,2026-02-26 00:00:00+00:00,NEM,뉴몬트(금광),Gold_Miners,금 관련주,20,127.2125473022461,1.9174385423644744,129.65176971494301,0.5353227513227514,0.123125,False,0.1416507723171755,1.0099955652643238,"volatility_20d, vol_20d, ma20_vs_ma60, vol_lag10, range_width_20d"
2026-03-27 00:00:00+00:00,2026-02-26 00:00:00+00:00,NEM,뉴몬트(금광),Gold_Miners,금 관련주,60,127.2125473022461,18.568366049518943,150.8338387462446,0.9394814814814816,0.1593220338983051,False,,1.0099955652643238,"volatility_20d, vol_20d, ma20_vs_ma60, vol_lag10, range_width_20d"
2026-03-27 00:00:00+00:00,2026-02-26 00:00:00+00:00,ALB,앨버말(리튬),Lithium,리튬,5,184.47300720214844,1.2360752989129162,186.75323247733604,0.6446975308641976,0.11125,False,,1.006850164829676,"rebound_from_60d_low, drawdown_60d, vol_20d, price_vs_ma60, volatility_20d"
2026-03-27 00:00:00+00:00,2026-02-26 00:00:00+00:00,ALB,앨버말(리튬),Lithium,리튬,20,184.47300720214844,1.4919350057868364,187.22522457282497,0.5648703703703702,0.110625,False,0.1055637922187665,1.006850164829676,"rebound_from_60d_low, drawdown_60d, vol_20d, price_vs_ma60, volatility_20d"
2026-03-27 00:00:00+00:00,2026-02-26 00:00:00+00:00,ALB,앨버말(리튬),Lithium,리튬,60,184.47300720214844,17.36748242211828,216.51132430153456,0.7344444444444443,0.0983050847457627,False,,1.006850164829676,"rebound_from_60d_low, drawdown_60d, vol_20d, price_vs_ma60, volatility_20d"
2026-03-27 00:00:00+00:00,2026-02-26 00:00:00+00:00,ITA,미국 방산 ETF,Defense_Aerospace,방산/항공우주,5,242.6625061035156,0.0156973072857386,242.70059758276597,0.5778383838383839,0.3011122371256963,False,,1.0143133581433796,"vol_20d, volatility_20d, range_width_20d, ma20_vs_ma60, rebound_from_20d_low"
2026-03-27 00:00:00+00:00,2026-02-26 00:00:00+00:00,ITA,미국 방산 ETF,Defense_Aerospace,방산/항공우주,20,242.6625061035156,1.1578396681895309,245.47214885900496,0.6803333333333331,0.1427389659818758,False,0.0995239452818248,1.0143133581433796,"vol_20d, volatility_20d, range_width_20d, ma20_vs_ma60, rebound_from_20d_low"
2026-03-27 00:00:00+00:00,2026-02-26 00:00:00+00:00,ITA,미국 방산 ETF,Defense_Aerospace,방산/항공우주,60,242.6625061035156,7.334507044828318,260.4606047088349,0.8369393939393941,0.1505084745762711,False,,1.0143133581433796,"vol_20d, volatility_20d, range_width_20d, ma20_vs_ma60, rebound_from_20d_low"
2026-03-27 00:00:00+00:00,2026-02-26 00:00:00+00:00,LNG,셰니에르 에너지(LNG),LNG_Gas,LNG/천연가스,5,232.50999450683597,1.1420452839582915,235.16536393383296,0.5362962962962964,0.265139561599722,False,,1.0096640419790868,"rebound_from_60d_low, vol_20d, volatility_20d, ma20_vs_ma60, range_width_20d"
2026-03-27 00:00:00+00:00,2026-02-26 00:00:00+00:00,LNG,셰니에르 에너지(LNG),LNG_Gas,LNG/천연가스,20,232.50999450683597,1.1368997874842923,235.15340014026395,0.4056296296296296,0.12375,False,0.0844148092207087,1.0096640419790868,"rebound_from_60d_low, vol_20d, volatility_20d, ma20_vs_ma60, range_width_20d"
2026-03-27 00:00:00+00:00,2026-02-26 00:00:00+00:00,LNG,셰니에르 에너지(LNG),LNG_Gas,LNG/천연가스,60,232.50999450683597,1.8206821064867051,236.74326237261516,0.5048253968253967,0.1423728813559322,False,,1.0096640419790868,"rebound_from_60d_low, vol_20d, volatility_20d, ma20_vs_ma60, range_width_20d"
2026-03-27 00:00:00+00:00,2026-02-26 00:00:00+00:00,GDX,금광주 ETF,Gold_Miners,금 관련주,5,113.88999938964844,1.0644410114730856,115.10229125111832,0.5430264550264552,0.1956570444077414,False,,1.0099955652643238,"ma20_vs_ma60, rebound_from_20d_low, rebound_from_60d_low, volatility_20d, vol_20d"
2026-03-27 00:00:00+00:00,2026-02-26 00:00:00+00:00,GDX,금광주 ETF,Gold_Miners,금 관련주,20,113.88999938964844,0.9622489326601784,114.98590469318201,0.4166957671957672,0.109375,False,0.0631475862058242,1.0099955652643238,"ma20_vs_ma60, rebound_from_20d_low, rebound_from_60d_low, volatility_20d, vol_20d"
2026-03-27 00:00:00+00:00,2026-02-26 00:00:00+00:00,GDX,금광주 ETF,Gold_Miners,금 관련주,60,113.88999938964844,9.578305209009242,124.79873113372773,0.7847777777777777,0.1457627118644067,False,,1.0099955652643238,"ma20_vs_ma60, rebound_from_20d_low, rebound_from_60d_low, volatility_20d, vol_20d"
2026-03-27 00:00:00+00:00,2026-02-26 00:00:00+00:00,EQT,EQT(천연가스 생산),LNG_Gas,LNG/천연가스,5,59.7400016784668,-1.2083409525011248,59.01813877316102,0.2813148148148148,0.2035739631397719,False,,1.0096640419790868,"range_width_20d, ma20_vs_ma60, vol_20d, volatility_20d, volatility_10d"
2026-03-27 00:00:00+00:00,2026-02-26 00:00:00+00:00,EQT,EQT(천연가스 생산),LNG_Gas,LNG/천연가스,20,59.7400016784668,-0.6791076248697842,59.334302771971,0.4903862433862433,0.095,False,-0.0392412113913933,1.0096640419790868,"range_width_20d, ma20_vs_ma60, vol_20d, volatility_20d, volatility_10d"
2026-03-27 00:00:00+00:00,2026-02-26 00:00:00+00:00,EQT,EQT(천연가스 생산),LNG_Gas,LNG/천연가스,60,59.7400016784668,5.01024809538526,62.733123974745304,0.3756049382716049,0.0861016949152542,False,,1.0096640419790868,"range_width_20d, ma20_vs_ma60, vol_20d, volatility_20d, volatility_10d"
2026-03-27 00:00:00+00:00,2026-02-26 00:00:00+00:00,NVDA,엔비디아(AI 반도체),Semiconductor,반도체,5,184.87998962402344,0.587645591507625,185.96642873262877,0.5232514619883043,0.1100898760973719,False,,1.006850164829676,"ma20_vs_ma60, rebound_from_60d_low, volatility_20d, vol_20d, range_width_20d"
2026-03-27 00:00:00+00:00,2026-02-26 00:00:00+00:00,NVDA,엔비디아(AI 반도체),Semiconductor,반도체,20,184.87998962402344,-1.205495501374078,182.65126966616498,0.5277132992556722,0.089375,False,-0.068438765107738,1.006850164829676,"ma20_vs_ma60, rebound_from_60d_low, volatility_20d, vol_20d, range_width_20d"
2026-03-27 00:00:00+00:00,2026-02-26 00:00:00+00:00,NVDA,엔비디아(AI 반도체),Semiconductor,반도체,60,184.87998962402344,-10.174782558422232,166.06885268574547,0.2397433862433862,0.0827118644067796,False,,1.006850164829676,"ma20_vs_ma60, rebound_from_60d_low, volatility_20d, vol_20d, range_width_20d"
2026-03-27 00:00:00+00:00,2026-02-26 00:00:00+00:00,GE,GE 에어로스페이스,Industrials,제조/산업재,5,340.3442077636719,1.1496689086269656,344.25703930264353,0.7587407407407405,0.2364783173055264,False,,1.005677772385268,"ma20_vs_ma60, vol_20d, volatility_20d, drawdown_60d, price_vs_ma60"
2026-03-27 00:00:00+00:00,2026-02-26 00:00:00+00:00,GE,GE 에어로스페이스,Industrials,제조/산업재,20,340.3442077636719,-1.3521497071631503,335.7422445550486,0.3550370370370369,0.096875,False,-0.0798384709260176,1.005677772385268,"ma20_vs_ma60, vol_20d, volatility_20d, drawdown_60d, price_vs_ma60"
2026-03-27 00:00:00+00:00,2026-02-26 00:00:00+00:00,GE,GE 에어로스페이스,Industrials,제조/산업재,60,340.3442077636719,-7.007929248132356,316.49312648347717,0.3536190476190475,0.1586440677966102,False,,1.005677772385268,"ma20_vs_ma60, vol_20d, volatility_20d, drawdown_60d, price_vs_ma60"
2026-03-27 00:00:00+00:00,2026-02-26 00:00:00+00:00,LMT,록히드마틴(방산),Defense_Aerospace,방산/항공우주,5,638.2662353515625,0.7375381298173974,642.9736922070304,0.5929927020616677,0.2236821396068283,False,,1.0143133581433796,"vol_20d, volatility_20d, range_width_20d, volatility_10d, rebound_from_60d_low"
2026-03-27 00:00:00+00:00,2026-02-26 00:00:00+00:00,LMT,록히드마틴(방산),Defense_Aerospace,방산/항공우주,20,638.2662353515625,-1.7493058824669387,627.1010065507573,0.6427654320987654,0.085625,False,-0.09344168660804,1.0143133581433796,"vol_20d, volatility_20d, range_width_20d, volatility_10d, rebound_from_60d_low"
2026-03-27 00:00:00+00:00,2026-02-26 00:00:00+00:00,LMT,록히드마틴(방산),Defense_Aerospace,방산/항공우주,60,638.2662353515625,-8.656668618868522,583.0136424510503,0.2823915343915343,0.1084745762711864,False,,1.0143133581433796,"vol_20d, volatility_20d, range_width_20d, volatility_10d, rebound_from_60d_low"
2026-03-27 00:00:00+00:00,2026-02-26 00:00:00+00:00,SOXX,반도체 ETF,Semiconductor,반도체,5,356.5802917480469,-0.6712241624779924,354.1868386711995,0.5592032475825578,0.1874816501890661,False,,1.006850164829676,"drawdown_60d, ma20_vs_ma60, vol_20d, volatility_20d, price_vs_ma60"
2026-03-27 00:00:00+00:00,2026-02-26 00:00:00+00:00,SOXX,반도체 ETF,Semiconductor,반도체,20,356.5802917480469,-2.02514325168254,349.3590300328814,0.3039876543209877,0.0825,False,-0.1035394942951301,1.006850164829676,"drawdown_60d, ma20_vs_ma60, vol_20d, volatility_20d, price_vs_ma60"
2026-03-27 00:00:00+00:00,2026-02-26 00:00:00+00:00,SOXX,반도체 ETF,Semiconductor,반도체,60,356.5802917480469,-5.023219261681032,338.66848184960054,0.2467962962962962,0.1159322033898305,False,,1.006850164829676,"drawdown_60d, ma20_vs_ma60, vol_20d, volatility_20d, price_vs_ma60"
2026-03-27 00:00:00+00:00,2026-02-26 00:00:00+00:00,SPY,미국 대형주 ETF(S&P 500),Market_Benchmark,미국 대표지수,5,687.422607421875,0.6143683176790041,691.645914130438,0.6984463684463685,0.3362826785622345,False,,1.005677772385268,"ma20_vs_ma60, price_vs_ma60, vol_20d, volatility_20d, volatility_10d"
2026-03-27 00:00:00+00:00,2026-02-26 00:00:00+00:00,SPY,미국 대형주 ETF(S&P 500),Market_Benchmark,미국 대표지수,20,687.422607421875,-1.0878639167219233,679.9443849203434,0.5088215488215488,0.2516379612146494,False,-0.2761945247762699,1.005677772385268,"ma20_vs_ma60, price_vs_ma60, vol_20d, volatility_20d, volatility_10d"
2026-03-27 00:00:00+00:00,2026-02-26 00:00:00+00:00,SPY,미국 대형주 ETF(S&P 500),Market_Benchmark,미국 대표지수,60,687.422607421875,-3.0622087617244107,666.372292107328,0.2354074074074073,0.1831484439579744,False,,1.005677772385268,"ma20_vs_ma60, price_vs_ma60, vol_20d, volatility_20d, volatility_10d"
2026-03-27 00:00:00+00:00,2026-02-26 00:00:00+00:00,XOM,엑슨모빌,Oil_Energy,석유/에너지,5,148.5399932861328,-0.956364997613682,147.11940878288652,0.5287619047619049,0.3085658349882534,False,,1.011988700061233,"drawdown_60d, chart_pattern_score, rebound_from_60d_low, price_vs_ma60, ma20_vs_ma60"
2026-03-27 00:00:00+00:00,2026-02-26 00:00:00+00:00,XOM,엑슨모빌,Oil_Energy,석유/에너지,20,148.5399932861328,-1.2178296363592045,146.73102922604832,0.4582962962962963,0.2355547119681452,False,-0.2988794426302031,1.011988700061233,"drawdown_60d, chart_pattern_score, rebound_from_60d_low, price_vs_ma60, ma20_vs_ma60"
2026-03-27 00:00:00+00:00,2026-02-26 00:00:00+00:00,XOM,엑슨모빌,Oil_Energy,석유/에너지,60,148.5399932861328,-2.190336918583585,145.28646697432507,0.509685185185185,0.095593220338983,False,,1.011988700061233,"drawdown_60d, chart_pattern_score, rebound_from_60d_low, price_vs_ma60, ma20_vs_ma60"
2026-03-27 00:00:00+00:00,2026-02-26 00:00:00+00:00,IYT,미국 운송 ETF,Trade_Logistics,물류/운송,5,81.92374420166016,-0.5941883098627303,81.43696289061205,0.3216111111111111,0.3025036481672442,False,,1.005677772385268,"ma20_vs_ma60, vol_20d, volatility_20d, price_vs_ma60, drawdown_60d"
2026-03-27 00:00:00+00:00,2026-02-26 00:00:00+00:00,IYT,미국 운송 ETF,Trade_Logistics,물류/운송,20,81.92374420166016,-2.945958897358,79.51030437030253,0.2961111111111111,0.1396179852073762,False,-0.2473641818895675,1.005677772385268,"ma20_vs_ma60, vol_20d, volatility_20d, price_vs_ma60, drawdown_60d"
2026-03-27 00:00:00+00:00,2026-02-26 00:00:00+00:00,IYT,미국 운송 ETF,Trade_Logistics,물류/운송,60,81.92374420166016,0.3872112066235195,82.24096212009458,0.4097407407407408,0.0772881355932203,False,,1.005677772385268,"ma20_vs_ma60, vol_20d, volatility_20d, price_vs_ma60, drawdown_60d"
2026-03-27 00:00:00+00:00,2026-02-26 00:00:00+00:00,UPS,UPS(물류),Trade_Logistics,물류/운송,5,116.62999725341795,-5.907179049448065,109.7404544902922,0.3109098541150563,0.327979400268015,False,,1.005677772385268,"drawdown_60d, ma20_vs_ma60, vol_20d, volatility_20d, mom_20d"
2026-03-27 00:00:00+00:00,2026-02-26 00:00:00+00:00,UPS,UPS(물류),Trade_Logistics,물류/운송,20,116.62999725341795,-10.682371381799186,104.17114780422567,0.1587354497354497,0.1065126348523212,False,-0.6937514790510131,1.005677772385268,"drawdown_60d, ma20_vs_ma60, vol_20d, volatility_20d, mom_20d"
2026-03-27 00:00:00+00:00,2026-02-26 00:00:00+00:00,UPS,UPS(물류),Trade_Logistics,물류/운송,60,116.62999725341795,-13.44320309665012,100.95118985102351,0.0424673721340388,0.1308474576271186,False,,1.005677772385268,"drawdown_60d, ma20_vs_ma60, vol_20d, volatility_20d, mom_20d"
2026-03-27 00:00:00+00:00,2026-02-26 00:00:00+00:00,XLE,에너지 ETF,Oil_Energy,석유/에너지,5,55.04999923706055,-5.719431249124495,51.90145237805331,0.1665925925925926,0.3252945480319892,False,,1.011988700061233,"drawdown_60d, price_vs_ma60, chart_pattern_score, oversold_rebound_score, rebound_from_20d_low"
2026-03-27 00:00:00+00:00,2026-02-26 00:00:00+00:00,XLE,에너지 ETF,Oil_Energy,석유/에너지,20,55.04999923706055,-10.14324229396298,49.46614443162073,0.2058518518518518,0.2634512489185067,False,-2.679174463727605,1.011988700061233,"drawdown_60d, price_vs_ma60, chart_pattern_score, oversold_rebound_score, rebound_from_20d_low"
2026-03-27 00:00:00+00:00,2026-02-26 00:00:00+00:00,XLE,에너지 ETF,Oil_Energy,석유/에너지,60,55.04999923706055,-5.415648794212383,52.068684617164756,0.2325925925925925,0.1316025223919838,False,,1.011988700061233,"drawdown_60d, price_vs_ma60, chart_pattern_score, oversold_rebound_score, rebound_from_20d_low"
2026-03-27 00:00:00+00:00,2026-03-26 00:00:00+00:00,MP,MP 머티리얼즈(희토류),Rare_Earths,희토류,1,51.70000076293945,0.10011457802833762,51.75176000054392,0.332414381914382,0.2434671957166729,False,,1.006850164829676,"range_width_20d, oversold_rebound_score, ret_lag10, price_vs_ma60, vol_20d"
2026-03-27 00:00:00+00:00,2026-03-26 00:00:00+00:00,MP,MP 머티리얼즈(희토류),Rare_Earths,희토류,5,51.70000076293945,0.7308453338801284,52.07784780613139,0.4654672364672365,0.0987878787878788,False,,1.006850164829676,"range_width_20d, oversold_rebound_score, ret_lag10, price_vs_ma60, vol_20d"
2026-03-27 00:00:00+00:00,2026-03-26 00:00:00+00:00,MP,MP 머티리얼즈(희토류),Rare_Earths,희토류,20,51.70000076293945,34.57013737085498,69.5727620474207,0.888248677248677,0.13,False,3.2165354689663306,1.006850164829676,"range_width_20d, oversold_rebound_score, ret_lag10, price_vs_ma60, vol_20d"
2026-03-27 00:00:00+00:00,2026-03-26 00:00:00+00:00,MP,MP 머티리얼즈(희토류),Rare_Earths,희토류,60,51.70000076293945,131.89471982618733,119.88957191935515,0.9907460317460317,0.09898305084745762,False,,1.006850164829676,"range_width_20d, oversold_rebound_score, ret_lag10, price_vs_ma60, vol_20d"
2026-03-27 00:00:00+00:00,2026-03-26 00:00:00+00:00,HII,헌팅턴 잉걸스(조선),Shipbuilding,조선,1,384.7900085449219,0.8807195671729704,388.1789294427036,0.6862858572858571,0.3582815524532556,False,,1.0143133581433796,"ma20_vs_ma60, price_vs_ma60, rebound_from_60d_low, vol_20d, drawdown_60d"
2026-03-27 00:00:00+00:00,2026-03-26 00:00:00+00:00,HII,헌팅턴 잉걸스(조선),Shipbuilding,조선,5,384.7900085449219,4.91166028089818,403.6895865594875,0.9281111111111111,0.21257920466205166,False,,1.0143133581433796,"ma20_vs_ma60, price_vs_ma60, rebound_from_60d_low, vol_20d, drawdown_60d"
2026-03-27 00:00:00+00:00,2026-03-26 00:00:00+00:00,HII,헌팅턴 잉걸스(조선),Shipbuilding,조선,20,384.7900085449219,14.554108892604074,440.7927653964103,0.8561111111111109,0.095,False,0.9556317150060674,1.0143133581433796,"ma20_vs_ma60, price_vs_ma60, rebound_from_60d_low, vol_20d, drawdown_60d"
2026-03-27 00:00:00+00:00,2026-03-26 00:00:00+00:00,HII,헌팅턴 잉걸스(조선),Shipbuilding,조선,60,384.7900085449219,0.5182799100932339,386.7842978552562,0.5791296296296295,0.06237288135593221,False,,1.0143133581433796,"ma20_vs_ma60, price_vs_ma60, rebound_from_60d_low, vol_20d, drawdown_60d"
2026-03-27 00:00:00+00:00,2026-03-26 00:00:00+00:00,GE,GE 에어로스페이스,Industrials,제조/산업재,1,285.239990234375,2.1945777912983013,291.49980371196006,0.8370420875420875,0.3598156324296022,False,,1.005677772385268,"ma20_vs_ma60, vol_20d, volatility_20d, drawdown_60d, price_vs_ma60"
2026-03-27 00:00:00+00:00,2026-03-26 00:00:00+00:00,GE,GE 에어로스페이스,Industrials,제조/산업재,5,285.239990234375,6.244557774279237,303.051966219909,0.7953994708994707,0.25639375043399,False,,1.005677772385268,"ma20_vs_ma60, vol_20d, volatility_20d, drawdown_60d, price_vs_ma60"
2026-03-27 00:00:00+00:00,2026-03-26 00:00:00+00:00,GE,GE 에어로스페이스,Industrials,제조/산업재,20,285.239990234375,12.46825929624652,320.80445183338514,0.8963439153439153,0.096875,False,0.8506627679294375,1.005677772385268,"ma20_vs_ma60, vol_20d, volatility_20d, drawdown_60d, price_vs_ma60"
2026-03-27 00:00:00+00:00,2026-03-26 00:00:00+00:00,GE,GE 에어로스페이스,Industrials,제조/산업재,60,285.239990234375,25.829546405602244,358.9161858792982,0.9983333333333333,0.1586440677966102,False,,1.005677772385268,"ma20_vs_ma60, vol_20d, volatility_20d, drawdown_60d, price_vs_ma60"
2026-03-27 00:00:00+00:00,2026-03-26 00:00:00+00:00,ITA,미국 방산 ETF,Defense_Aerospace,방산/항공우주,1,220.1199951171875,1.382692935685001,223.163578739703,0.7941851851851853,0.3885244548834699,False,,1.0143133581433796,"vol_20d, volatility_20d, range_width_20d, ma20_vs_ma60, rebound_from_20d_low"
2026-03-27 00:00:00+00:00,2026-03-26 00:00:00+00:00,ITA,미국 방산 ETF,Defense_Aerospace,방산/항공우주,5,220.1199951171875,5.362814373495341,231.9246218542693,0.7347301587301586,0.29236687975611203,False,,1.0143133581433796,"vol_20d, volatility_20d, range_width_20d, ma20_vs_ma60, rebound_from_20d_low"
2026-03-27 00:00:00+00:00,2026-03-26 00:00:00+00:00,ITA,미국 방산 ETF,Defense_Aerospace,방산/항공우주,20,220.1199951171875,8.845129210706425,239.5898931039034,0.8602780121894048,0.1427389659818758,False,0.8491782904447115,1.0143133581433796,"vol_20d, volatility_20d, range_width_20d, ma20_vs_ma60, rebound_from_20d_low"
2026-03-27 00:00:00+00:00,2026-03-26 00:00:00+00:00,ITA,미국 방산 ETF,Defense_Aerospace,방산/항공우주,60,220.1199951171875,19.15501289413338,262.2840085644506,0.937037037037037,0.15050847457627117,False,,1.0143133581433796,"vol_20d, volatility_20d, range_width_20d, ma20_vs_ma60, rebound_from_20d_low"
2026-03-27 00:00:00+00:00,2026-03-26 00:00:00+00:00,GDX,금광주 ETF,Gold_Miners,금 관련주,1,82.38999938964844,0.3633125171214838,82.68933257028735,0.6094788359788357,0.3498019234213693,False,,1.0099955652643238,"ma20_vs_ma60, rebound_from_20d_low, rebound_from_60d_low, volatility_20d, vol_20d"
2026-03-27 00:00:00+00:00,2026-03-26 00:00:00+00:00,GDX,금광주 ETF,Gold_Miners,금 관련주,5,82.38999938964844,1.9606688403919308,84.00539443528037,0.6678518518518521,0.1818254586551662,False,,1.0099955652643238,"ma20_vs_ma60, rebound_from_20d_low, rebound_from_60d_low, volatility_20d, vol_20d"
2026-03-27 00:00:00+00:00,2026-03-26 00:00:00+00:00,GDX,금광주 ETF,Gold_Miners,금 관련주,20,82.38999938964844,7.120463153461426,88.25654893832544,0.7043915343915342,0.109375,False,0.5841004930573825,1.0099955652643238,"ma20_vs_ma60, rebound_from_20d_low, rebound_from_60d_low, volatility_20d, vol_20d"
2026-03-27 00:00:00+00:00,2026-03-26 00:00:00+00:00,GDX,금광주 ETF,Gold_Miners,금 관련주,60,82.38999938964844,23.820684265779462,102.01586101083421,0.9886455026455028,0.14576271186440679,False,,1.0099955652643238,"ma20_vs_ma60, rebound_from_20d_low, rebound_from_60d_low, volatility_20d, vol_20d"
2026-03-27 00:00:00+00:00,2026-03-26 00:00:00+00:00,XLI,산업재 ETF,Industrials,제조/산업재,1,161.27000427246094,0.58681366226413,162.21635869066571,0.5095026455026453,0.39908572689675803,False,,1.005677772385268,"vol_20d, ma20_vs_ma60, volatility_20d, range_width_20d, vol_lag10"
2026-03-27 00:00:00+00:00,2026-03-26 00:00:00+00:00,XLI,산업재 ETF,Industrials,제조/산업재,5,161.27000427246094,1.532151235286305,163.7409046350677,0.6714920634920636,0.31145188992138173,False,,1.005677772385268,"vol_20d, ma20_vs_ma60, volatility_20d, range_width_20d, vol_lag10"
2026-03-27 00:00:00+00:00,2026-03-26 00:00:00+00:00,XLI,산업재 ETF,Industrials,제조/산업재,20,161.27000427246094,4.168093758525386,167.991889254915,0.6634126984126982,0.20803406751724182,False,0.9525558139796415,1.005677772385268,"vol_20d, ma20_vs_ma60, volatility_20d, range_width_20d, vol_lag10"
2026-03-27 00:00:00+00:00,2026-03-26 00:00:00+00:00,XLI,산업재 ETF,Industrials,제조/산업재,60,161.27000427246094,7.1904448103291205,172.86603492528764,0.7298835978835978,0.09423728813559323,False,,1.005677772385268,"vol_20d, ma20_vs_ma60, volatility_20d, range_width_20d, vol_lag10"
2026-03-27 00:00:00+00:00,2026-03-26 00:00:00+00:00,XLF,금융 ETF,Banks,은행,1,49.04999923706055,0.2885492450075755,49.19153263953531,0.5562116402116402,0.40632742170257297,False,,1.005677772385268,"range_width_20d, ma20_vs_ma60, vol_20d, volatility_20d, volatility_10d"
2026-03-27 00:00:00+00:00,2026-03-26 00:00:00+00:00,XLF,금융 ETF,Banks,은행,5,49.04999923706055,1.297840550487043,49.686590017172705,0.6314391534391536,0.34015759466238527,False,,1.005677772385268,"range_width_20d, ma20_vs_ma60, vol_20d, volatility_20d, volatility_10d"
2026-03-27 00:00:00+00:00,2026-03-26 00:00:00+00:00,XLF,금융 ETF,Banks,은행,20,49.04999923706055,3.636704849495503,50.83380293799223,0.749015873015873,0.24219624267328121,False,0.9228870048807999,1.005677772385268,"range_width_20d, ma20_vs_ma60, vol_20d, volatility_20d, volatility_10d"
2026-03-27 00:00:00+00:00,2026-03-26 00:00:00+00:00,XLF,금융 ETF,Banks,은행,60,49.04999923706055,5.735512994491399,51.863268317100086,0.7059111422346718,0.13830508474576272,False,,1.005677772385268,"range_width_20d, ma20_vs_ma60, vol_20d, volatility_20d, volatility_10d"
2026-03-27 00:00:00+00:00,2026-03-26 00:00:00+00:00,DAL,델타항공,Airlines,항공,1,66.86000061035156,0.8140188620762132,67.4042536265041,0.5950582010582012,0.3219327471041984,False,,1.005677772385268,"ma20_vs_ma60, rebound_from_60d_low, drawdown_60d, vol_20d, volatility_20d"
2026-03-27 00:00:00+00:00,2026-03-26 00:00:00+00:00,DAL,델타항공,Airlines,항공,5,66.86000061035156,3.4789775450398337,69.18604501819918,0.8609523809523809,0.1869672285901892,False,,1.005677772385268,"ma20_vs_ma60, rebound_from_60d_low, drawdown_60d, vol_20d, volatility_20d"
2026-03-27 00:00:00+00:00,2026-03-26 00:00:00+00:00,DAL,델타항공,Airlines,항공,20,66.86000061035156,8.445481723535199,72.50664974225434,0.7677654320987655,0.096875,False,0.5003083503829315,1.005677772385268,"ma20_vs_ma60, rebound_from_60d_low, drawdown_60d, vol_20d, volatility_20d"
2026-03-27 00:00:00+00:00,2026-03-26 00:00:00+00:00,DAL,델타항공,Airlines,항공,60,66.86000061035156,20.615728750482358,80.6436769787525,0.9161640211640212,0.07728813559322034,False,,1.005677772385268,"ma20_vs_ma60, rebound_from_60d_low, drawdown_60d, vol_20d, volatility_20d"
2026-03-27 00:00:00+00:00,2026-03-26 00:00:00+00:00,JPM,JP모건,Banks,은행,1,291.6600036621094,0.11313694298709834,291.98997887416874,0.4956446208112875,0.3818527314505917,False,,1.005677772385268,"ma20_vs_ma60, ma5_vs_ma20, price_vs_ma60, volatility_10d, mom_20d"
2026-03-27 00:00:00+00:00,2026-03-26 00:00:00+00:00,JPM,JP모건,Banks,은행,5,291.6600036621094,-0.6013338952699908,289.9061532011434,0.582722222222222,0.27861768207508675,False,,1.005677772385268,"ma20_vs_ma60, ma5_vs_ma20, price_vs_ma60, volatility_10d, mom_20d"
2026-03-27 00:00:00+00:00,2026-03-26 00:00:00+00:00,JPM,JP모건,Banks,은행,20,291.6600036621094,5.0637457606535055,306.4289247330713,0.9057564289180009,0.11693403043272,False,0.36581307272760155,1.005677772385268,"ma20_vs_ma60, ma5_vs_ma20, price_vs_ma60, volatility_10d, mom_20d"
2026-03-27 00:00:00+00:00,2026-03-26 00:00:00+00:00,JPM,JP모건,Banks,은행,60,291.6600036621094,8.848413413784563,317.46728654879206,0.7596206037970744,0.15389830508474578,False,,1.005677772385268,"ma20_vs_ma60, ma5_vs_ma20, price_vs_ma60, volatility_10d, mom_20d"
2026-03-27 00:00:00+00:00,2026-03-26 00:00:00+00:00,BTU,피바디 에너지(석탄),Coal,석탄,1,37.43000030517578,0.3239298585688183,37.551247252226645,0.42794973544973536,0.28767728141058735,False,,1.0096640419790868,"ma20_vs_ma60, rebound_from_60d_low, price_vs_ma60, range_width_20d, volatility_20d"
2026-03-27 00:00:00+00:00,2026-03-26 00:00:00+00:00,BTU,피바디 에너지(석탄),Coal,석탄,5,37.43000030517578,0.27023635473949387,37.531149773579465,0.49661111111111095,0.09454545454545454,False,,1.0096640419790868,"ma20_vs_ma60, rebound_from_60d_low, price_vs_ma60, range_width_20d, volatility_20d"
2026-03-27 00:00:00+00:00,2026-03-26 00:00:00+00:00,BTU,피바디 에너지(석탄),Coal,석탄,20,37.43000030517578,4.832758243699701,39.23890173054099,0.6584708994708995,0.10375000000000001,False,0.30794406101174154,1.0096640419790868,"ma20_vs_ma60, rebound_from_60d_low, price_vs_ma60, range_width_20d, volatility_20d"
2026-03-27 00:00:00+00:00,2026-03-26 00:00:00+00:00,BTU,피바디 에너지(석탄),Coal,석탄,60,37.43000030517578,65.83233577968025,62.07104378841445,0.8991798941798942,0.04406779661016949,False,,1.0096640419790868,"ma20_vs_ma60, rebound_from_60d_low, price_vs_ma60, range_width_20d, volatility_20d"
2026-03-27 00:00:00+00:00,2026-03-26 00:00:00+00:00,NVDA,엔비디아(AI 반도체),Semiconductor,반도체,1,171.24000549316406,0.4594371240828379,172.02674564968115,0.577574074074074,0.31060656497992145,False,,1.006850164829676,"ma20_vs_ma60, rebound_from_60d_low, volatility_20d, vol_20d, range_width_20d"
2026-03-27 00:00:00+00:00,2026-03-26 00:00:00+00:00,NVDA,엔비디아(AI 반도체),Semiconductor,반도체,5,171.24000549316406,2.7699793430551627,175.98331827237124,0.8092592592592591,0.10061961733304271,False,,1.006850164829676,"ma20_vs_ma60, rebound_from_60d_low, volatility_20d, vol_20d, range_width_20d"
2026-03-27 00:00:00+00:00,2026-03-26 00:00:00+00:00,NVDA,엔비디아(AI 반도체),Semiconductor,반도체,20,171.24000549316406,4.477675394945391,178.9075770854346,0.6128460665744859,0.08937500000000001,False,0.25920529808791165,1.006850164829676,"ma20_vs_ma60, rebound_from_60d_low, volatility_20d, vol_20d, range_width_20d"
2026-03-27 00:00:00+00:00,2026-03-26 00:00:00+00:00,NVDA,엔비디아(AI 반도체),Semiconductor,반도체,60,171.24000549316406,-3.7327487650458653,164.8480463028535,0.2105238095238095,0.08271186440677966,False,,1.006850164829676,"ma20_vs_ma60, rebound_from_60d_low, volatility_20d, vol_20d, range_width_20d"
2026-03-27 00:00:00+00:00,2026-03-26 00:00:00+00:00,EQT,EQT(천연가스 생산),LNG_Gas,LNG/천연가스,1,66.86000061035156,0.14561841513564958,66.95736108360005,0.5360211640211637,0.35015163480908834,False,,1.0096640419790868,"range_width_20d, ma20_vs_ma60, vol_20d, volatility_20d, volatility_10d"
2026-03-27 00:00:00+00:00,2026-03-26 00:00:00+00:00,EQT,EQT(천연가스 생산),LNG_Gas,LNG/천연가스,5,66.86000061035156,-0.3984344208102735,66.59360735416595,0.46457671957671953,0.19714112198645833,False,,1.0096640419790868,"range_width_20d, ma20_vs_ma60, vol_20d, volatility_20d, volatility_10d"
2026-03-27 00:00:00+00:00,2026-03-26 00:00:00+00:00,EQT,EQT(천연가스 생산),LNG_Gas,LNG/천연가스,20,66.86000061035156,3.652591386892839,69.30212323392176,0.6253333333333333,0.095,False,0.21177400156997847,1.0096640419790868,"range_width_20d, ma20_vs_ma60, vol_20d, volatility_20d, volatility_10d"
2026-03-27 00:00:00+00:00,2026-03-26 00:00:00+00:00,EQT,EQT(천연가스 생산),LNG_Gas,LNG/천연가스,60,66.86000061035156,18.48164165805852,79.21682633573248,0.7492962962962965,0.08610169491525424,False,,1.0096640419790868,"range_width_20d, ma20_vs_ma60, vol_20d, volatility_20d, volatility_10d"
2026-03-27 00:00:00+00:00,2026-03-26 00:00:00+00:00,UPS,UPS(물류),Trade_Logistics,물류/운송,1,97.5,0.5264479041963752,98.01328670659147,0.6505730319063651,0.38397761158367416,False,,1.005677772385268,"drawdown_60d, ma20_vs_ma60, vol_20d, volatility_20d, mom_20d"
2026-03-27 00:00:00+00:00,2026-03-26 00:00:00+00:00,UPS,UPS(물류),Trade_Logistics,물류/운송,5,97.5,0.8445281656167712,98.32341496147636,0.7793341750841751,0.35257060738352936,False,,1.005677772385268,"drawdown_60d, ma20_vs_ma60, vol_20d, volatility_20d, mom_20d"
2026-03-27 00:00:00+00:00,2026-03-26 00:00:00+00:00,UPS,UPS(물류),Trade_Logistics,물류/운송,20,97.5,1.0614527743585715,98.5349164549996,0.5779735449735451,0.10651263485232122,False,0.07881845394283997,1.005677772385268,"drawdown_60d, ma20_vs_ma60, vol_20d, volatility_20d, mom_20d"
2026-03-27 00:00:00+00:00,2026-03-26 00:00:00+00:00,UPS,UPS(물류),Trade_Logistics,물류/운송,60,97.5,4.112823291736588,101.51000270944317,0.7456772486772487,0.13084745762711866,False,,1.005677772385268,"drawdown_60d, ma20_vs_ma60, vol_20d, volatility_20d, mom_20d"
2026-03-27 00:00:00+00:00,2026-03-26 00:00:00+00:00,QQQ,미국 기술주 ETF(나스닥 100),Market_Benchmark,미국 대표지수,1,573.7899780273438,0.14896058875319032,574.6446989568201,0.5481693121693122,0.395651119969403,False,,1.005677772385268,"ma20_vs_ma60, vol_20d, volatility_20d, rebound_from_60d_low, price_vs_ma60"
2026-03-27 00:00:00+00:00,2026-03-26 00:00:00+00:00,QQQ,미국 기술주 ETF(나스닥 100),Market_Benchmark,미국 대표지수,5,573.7899780273438,-0.790915545966832,569.2517838899258,0.40191534391534384,0.29649283015595335,False,,1.005677772385268,"ma20_vs_ma60, vol_20d, volatility_20d, rebound_from_60d_low, price_vs_ma60"
2026-03-27 00:00:00+00:00,2026-03-26 00:00:00+00:00,QQQ,미국 기술주 ETF(나스닥 100),Market_Benchmark,미국 대표지수,20,573.7899780273438,0.457200877519351,576.4133508420028,0.5252733686067019,0.12706834435382677,False,0.036966881744801255,1.005677772385268,"ma20_vs_ma60, vol_20d, volatility_20d, rebound_from_60d_low, price_vs_ma60"
2026-03-27 00:00:00+00:00,2026-03-26 00:00:00+00:00,QQQ,미국 기술주 ETF(나스닥 100),Market_Benchmark,미국 대표지수,60,573.7899780273438,10.399880995522372,633.4634529064215,0.8823333333333332,0.13491525423728815,False,,1.005677772385268,"ma20_vs_ma60, vol_20d, volatility_20d, rebound_from_60d_low, price_vs_ma60"
2026-03-27 00:00:00+00:00,2026-03-26 00:00:00+00:00,ALB,앨버말(리튬),Lithium,리튬,1,174.5,0.5341830136553508,175.43214935882858,0.5770479302832243,0.29736867820491825,False,,1.006850164829676,"rebound_from_60d_low, drawdown_60d, vol_20d, price_vs_ma60, volatility_20d"
2026-03-27 00:00:00+00:00,2026-03-26 00:00:00+00:00,ALB,앨버말(리튬),Lithium,리튬,5,174.5,0.8437243763269832,175.97229903669057,0.5943015873015872,0.10303030303030306,False,,1.006850164829676,"rebound_from_60d_low, drawdown_60d, vol_20d, price_vs_ma60, volatility_20d"
2026-03-27 00:00:00+00:00,2026-03-26 00:00:00+00:00,ALB,앨버말(리튬),Lithium,리튬,20,174.5,-0.2080919626229043,174.13687952522304,0.6334444444444444,0.110625,False,-0.014396345149266345,1.006850164829676,"rebound_from_60d_low, drawdown_60d, vol_20d, price_vs_ma60, volatility_20d"
2026-03-27 00:00:00+00:00,2026-03-26 00:00:00+00:00,ALB,앨버말(리튬),Lithium,리튬,60,174.5,-5.266822313176339,165.30939506350728,0.37029923574368023,0.09830508474576272,False,,1.006850164829676,"rebound_from_60d_low, drawdown_60d, vol_20d, price_vs_ma60, volatility_20d"
2026-03-27 00:00:00+00:00,2026-03-26 00:00:00+00:00,NEM,뉴몬트(금광),Gold_Miners,금 관련주,1,99.36000061035156,-0.05458976679198416,99.30576021773386,0.4625820105820106,0.3422799358558012,False,,1.0099955652643238,"volatility_20d, vol_20d, ma20_vs_ma60, vol_lag10, range_width_20d"
2026-03-27 00:00:00+00:00,2026-03-26 00:00:00+00:00,NEM,뉴몬트(금광),Gold_Miners,금 관련주,5,99.36000061035156,-0.8087873765810504,98.55638946804417,0.3619312169312169,0.1743013416622214,False,,1.0099955652643238,"volatility_20d, vol_20d, ma20_vs_ma60, vol_lag10, range_width_20d"
2026-03-27 00:00:00+00:00,2026-03-26 00:00:00+00:00,NEM,뉴몬트(금광),Gold_Miners,금 관련주,20,99.36000061035156,-1.4631524900119748,97.90621228734528,0.3069523809523809,0.123125,False,-0.1343397676728679,1.0099955652643238,"volatility_20d, vol_20d, ma20_vs_ma60, vol_lag10, range_width_20d"
2026-03-27 00:00:00+00:00,2026-03-26 00:00:00+00:00,NEM,뉴몬트(금광),Gold_Miners,금 관련주,60,99.36000061035156,10.540622304591611,109.83316299652864,0.7652169312169312,0.1593220338983051,False,,1.0099955652643238,"volatility_20d, vol_20d, ma20_vs_ma60, vol_lag10, range_width_20d"
2026-03-27 00:00:00+00:00,2026-03-26 00:00:00+00:00,SOXX,반도체 ETF,Semiconductor,반도체,1,328.8500061035156,-0.2689226485751054,327.96565395726265,0.43233862433862424,0.3474428529545218,False,,1.006850164829676,"drawdown_60d, ma20_vs_ma60, vol_20d, volatility_20d, price_vs_ma60"
2026-03-27 00:00:00+00:00,2026-03-26 00:00:00+00:00,SOXX,반도체 ETF,Semiconductor,반도체,5,328.8500061035156,-1.3257248673865043,324.4903597961993,0.40816931216931224,0.18079168948796379,False,,1.006850164829676,"drawdown_60d, ma20_vs_ma60, vol_20d, volatility_20d, price_vs_ma60"
2026-03-27 00:00:00+00:00,2026-03-26 00:00:00+00:00,SOXX,반도체 ETF,Semiconductor,반도체,20,328.8500061035156,-2.7590807753649953,319.7767688053269,0.37716931216931215,0.0825,False,-0.145737426495339,1.006850164829676,"drawdown_60d, ma20_vs_ma60, vol_20d, volatility_20d, price_vs_ma60"
2026-03-27 00:00:00+00:00,2026-03-26 00:00:00+00:00,SOXX,반도체 ETF,Semiconductor,반도체,60,328.8500061035156,0.9161441949171751,331.86274634441776,0.6628888888888886,0.11593220338983053,False,,1.006850164829676,"drawdown_60d, ma20_vs_ma60, vol_20d, volatility_20d, price_vs_ma60"
2026-03-27 00:00:00+00:00,2026-03-26 00:00:00+00:00,LMT,록히드마틴(방산),Defense_Aerospace,방산/항공우주,1,627.3300170898438,0.014419557019451591,627.420475299358,0.5603597883597884,0.38165337387287457,False,,1.0143133581433796,"vol_20d, volatility_20d, range_width_20d, volatility_10d, rebound_from_60d_low"
2026-03-27 00:00:00+00:00,2026-03-26 00:00:00+00:00,LMT,록히드마틴(방산),Defense_Aerospace,방산/항공우주,5,627.3300170898438,-1.0712380717689798,620.6098191111425,0.328870980870981,0.23162516875854933,False,,1.0143133581433796,"vol_20d, volatility_20d, range_width_20d, volatility_10d, rebound_from_60d_low"
2026-03-27 00:00:00+00:00,2026-03-26 00:00:00+00:00,LMT,록히드마틴(방산),Defense_Aerospace,방산/항공우주,20,627.3300170898438,-3.1777475362215433,607.395052927793,0.45112169312169315,0.085625,False,-0.17550247232803978,1.0143133581433796,"vol_20d, volatility_20d, range_width_20d, volatility_10d, rebound_from_60d_low"
2026-03-27 00:00:00+00:00,2026-03-26 00:00:00+00:00,LMT,록히드마틴(방산),Defense_Aerospace,방산/항공우주,60,627.3300170898438,-10.465071703538387,561.679480983572,0.24173544973544975,0.10847457627118645,False,,1.0143133581433796,"vol_20d, volatility_20d, range_width_20d, volatility_10d, rebound_from_60d_low"
2026-03-27 00:00:00+00:00,2026-03-26 00:00:00+00:00,SPY,미국 대형주 ETF(S&P 500),Market_Benchmark,미국 대표지수,1,645.0900268554688,0.010453963433204354,645.1574643309874,0.7328968253968253,0.4058858014941044,False,,1.005677772385268,"ma20_vs_ma60, price_vs_ma60, vol_20d, volatility_20d, volatility_10d"
2026-03-27 00:00:00+00:00,2026-03-26 00:00:00+00:00,SPY,미국 대형주 ETF(S&P 500),Market_Benchmark,미국 대표지수,5,645.0900268554688,-1.730498020677025,633.9267567091499,0.36225925925925917,0.3250865363637512,False,,1.005677772385268,"ma20_vs_ma60, price_vs_ma60, vol_20d, volatility_20d, volatility_10d"
2026-03-27 00:00:00+00:00,2026-03-26 00:00:00+00:00,SPY,미국 대형주 ETF(S&P 500),Market_Benchmark,미국 대표지수,20,645.0900268554688,-2.6876711085015765,627.7521285798492,0.17071957671957666,0.25163796121464943,False,-0.7152689825765376,1.005677772385268,"ma20_vs_ma60, price_vs_ma60, vol_20d, volatility_20d, volatility_10d"
2026-03-27 00:00:00+00:00,2026-03-26 00:00:00+00:00,SPY,미국 대형주 ETF(S&P 500),Market_Benchmark,미국 대표지수,60,645.0900268554688,6.736623117834166,688.5473107354569,0.9493703703703704,0.18314844395797447,False,,1.005677772385268,"ma20_vs_ma60, price_vs_ma60, vol_20d, volatility_20d, volatility_10d"
2026-03-27 00:00:00+00:00,2026-03-26 00:00:00+00:00,IYT,미국 운송 ETF,Trade_Logistics,물류/운송,1,73.69999694824219,-0.19055826825127342,73.55955551035638,0.5206666666666668,0.38301285409693725,False,,1.005677772385268,"ma20_vs_ma60, vol_20d, volatility_20d, price_vs_ma60, drawdown_60d"
2026-03-27 00:00:00+00:00,2026-03-26 00:00:00+00:00,IYT,미국 운송 ETF,Trade_Logistics,물류/운송,5,73.69999694824219,-1.788190337058842,72.38210072440106,0.637888888888889,0.30622266796486536,False,,1.005677772385268,"ma20_vs_ma60, vol_20d, volatility_20d, price_vs_ma60, drawdown_60d"
2026-03-27 00:00:00+00:00,2026-03-26 00:00:00+00:00,IYT,미국 운송 ETF,Trade_Logistics,물류/운송,20,73.69999694824219,-4.804914972432433,70.15877476019385,0.2924779541446208,0.13961798520737623,False,-0.44212899391659954,1.005677772385268,"ma20_vs_ma60, vol_20d, volatility_20d, price_vs_ma60, drawdown_60d"
2026-03-27 00:00:00+00:00,2026-03-26 00:00:00+00:00,IYT,미국 운송 ETF,Trade_Logistics,물류/운송,60,73.69999694824219,2.405373365304939,75.47275704506575,0.596111111111111,0.07728813559322034,False,,1.005677772385268,"ma20_vs_ma60, vol_20d, volatility_20d, price_vs_ma60, drawdown_60d"
2026-03-27 00:00:00+00:00,2026-03-26 00:00:00+00:00,LNG,셰니에르 에너지(LNG),LNG_Gas,LNG/천연가스,1,291.3999938964844,-0.7568410357781185,289.19455916442087,0.33411111111111097,0.386418293001213,False,,1.0096640419790868,"rebound_from_60d_low, vol_20d, volatility_20d, ma20_vs_ma60, range_width_20d"
2026-03-27 00:00:00+00:00,2026-03-26 00:00:00+00:00,LNG,셰니에르 에너지(LNG),LNG_Gas,LNG/천연가스,5,291.3999938964844,-2.158187361366089,285.11103605718887,0.3862433862433862,0.2653593685230236,False,,1.0096640419790868,"rebound_from_60d_low, vol_20d, volatility_20d, ma20_vs_ma60, range_width_20d"
2026-03-27 00:00:00+00:00,2026-03-26 00:00:00+00:00,LNG,셰니에르 에너지(LNG),LNG_Gas,LNG/천연가스,20,291.3999938964844,-7.236734495384745,270.3121500186285,0.15128835978835978,0.12375000000000001,False,-0.5444978254250341,1.0096640419790868,"rebound_from_60d_low, vol_20d, volatility_20d, ma20_vs_ma60, range_width_20d"
2026-03-27 00:00:00+00:00,2026-03-26 00:00:00+00:00,LNG,셰니에르 에너지(LNG),LNG_Gas,LNG/천연가스,60,291.3999938964844,-3.1563085523915757,282.20251096746114,0.21175661375661375,0.1423728813559322,False,,1.0096640419790868,"rebound_from_60d_low, vol_20d, volatility_20d, ma20_vs_ma60, range_width_20d"
2026-03-27 00:00:00+00:00,2026-03-26 00:00:00+00:00,JETS,항공 ETF,Airlines,항공,1,25.01000022888184,0.05763204177300147,25.024414002661178,0.47884126984126996,0.36518353224236266,False,,1.005677772385268,"rebound_from_60d_low, ma20_vs_ma60, vol_20d, volatility_20d, range_width_20d"
2026-03-27 00:00:00+00:00,2026-03-26 00:00:00+00:00,JETS,항공 ETF,Airlines,항공,5,25.01000022888184,-4.36880177974346,23.91736289376861,0.33196331569664905,0.25882148793706117,False,,1.005677772385268,"rebound_from_60d_low, ma20_vs_ma60, vol_20d, volatility_20d, range_width_20d"
2026-03-27 00:00:00+00:00,2026-03-26 00:00:00+00:00,JETS,항공 ETF,Airlines,항공,20,25.01000022888184,-7.2766437822618375,23.19011160228324,0.20428571428571432,0.1125,False,-0.552933804717435,1.005677772385268,"rebound_from_60d_low, ma20_vs_ma60, vol_20d, volatility_20d, range_width_20d"
2026-03-27 00:00:00+00:00,2026-03-26 00:00:00+00:00,JETS,항공 ETF,Airlines,항공,60,25.01000022888184,7.823157490058994,26.96657193505138,0.7408185185185187,0.08542372881355934,False,,1.005677772385268,"rebound_from_60d_low, ma20_vs_ma60, vol_20d, volatility_20d, range_width_20d"
2026-03-27 00:00:00+00:00,2026-03-26 00:00:00+00:00,XOM,엑슨모빌,Oil_Energy,석유/에너지,1,165.42999267578125,-0.975452959701474,163.8163009159914,0.3884629629629631,0.39184294551889287,False,,1.0119887000612333,"drawdown_60d, chart_pattern_score, rebound_from_60d_low, price_vs_ma60, ma20_vs_ma60"
2026-03-27 00:00:00+00:00,2026-03-26 00:00:00+00:00,XOM,엑슨모빌,Oil_Energy,석유/에너지,5,165.42999267578125,-4.841879539595494,157.42007170805826,0.15803703703703703,0.304490420325441,False,,1.0119887000612333,"drawdown_60d, chart_pattern_score, rebound_from_60d_low, price_vs_ma60, ma20_vs_ma60"
2026-03-27 00:00:00+00:00,2026-03-26 00:00:00+00:00,XOM,엑슨모빌,Oil_Energy,석유/에너지,20,165.42999267578125,-6.66486562075326,154.40430596751847,0.04455555555555556,0.23555471196814526,False,-1.5699405016029278,1.0119887000612333,"drawdown_60d, chart_pattern_score, rebound_from_60d_low, price_vs_ma60, ma20_vs_ma60"
2026-03-27 00:00:00+00:00,2026-03-26 00:00:00+00:00,XOM,엑슨모빌,Oil_Energy,석유/에너지,60,165.42999267578125,-6.089398682427244,155.35630088144276,0.36770230314347946,0.09559322033898304,False,,1.0119887000612333,"drawdown_60d, chart_pattern_score, rebound_from_60d_low, price_vs_ma60, ma20_vs_ma60"
2026-03-27 00:00:00+00:00,2026-03-26 00:00:00+00:00,XLE,에너지 ETF,Oil_Energy,석유/에너지,1,61.52000045776367,-1.3091065586619028,60.714638096882254,0.4217857142857144,0.3915341507090753,False,,1.0119887000612333,"drawdown_60d, price_vs_ma60, chart_pattern_score, oversold_rebound_score, rebound_from_20d_low"
2026-03-27 00:00:00+00:00,2026-03-26 00:00:00+00:00,XLE,에너지 ETF,Oil_Energy,석유/에너지,5,61.52000045776367,-4.741014342008911,58.60332841285715,0.06502645502645502,0.329536729185478,False,,1.0119887000612333,"drawdown_60d, price_vs_ma60, chart_pattern_score, oversold_rebound_score, rebound_from_20d_low"
2026-03-27 00:00:00+00:00,2026-03-26 00:00:00+00:00,XLE,에너지 ETF,Oil_Energy,석유/에너지,20,61.52000045776367,-9.812493790845059,55.48335423271776,0.08323809523809525,0.2634512489185067,False,-2.585113744203223,1.0119887000612333,"drawdown_60d, price_vs_ma60, chart_pattern_score, oversold_rebound_score, rebound_from_20d_low"
2026-03-27 00:00:00+00:00,2026-03-26 00:00:00+00:00,XLE,에너지 ETF,Oil_Energy,석유/에너지,60,61.52000045776367,-8.1561141580578,56.50235899039078,0.23863492063492064,0.13160252239198383,False,,1.0119887000612333,"drawdown_60d, price_vs_ma60, chart_pattern_score, oversold_rebound_score, rebound_from_20d_low"
